Sample,Sample No,Co59,Ni60,Cu65,Zn66,As75,Mo95,Ag107,Sb121,Te125,Au197,Tl205,Pb208
20220120_JLW-23.5-A1 - 1,JLW23.5,0.209902446,1.215579016,31.78425689,2.772428373,5.396436927,1.938551814,0.011202385,0.345638007,0.011483625,0.151676251,0.131483235,3.918975858
20220120_JLW-23.5-A1 - 2,JLW23.5,0.176598097,3.836547627,19.37394763,4.684250063,16.91647935,1.141675992,0.019661772,0.290552433,0.04794651,0.723473859,0.058862042,3.513438321
20220120_JLW-23.5-A1 - 3,JLW23.5,0.008176164,0.078174605,15.407801,3.601137282,0.946925748,0.371331212,0.015488708,0.170681101,0.024260446,1.096834062,0.126320954,0.330328549
20220120_JLW-23.5-A1 - 4,JLW23.5,0.155804189,1.680165826,32.60431027,3.57859758,32.7763351,1.74903535,0.035262434,0.39601686,0.043656103,0.376204938,0.085876123,4.56479059
20220120_JLW-23.5-A1 - 5,JLW23.5,0.080191779,0.784701026,45.24228483,3.637606863,17.40212193,2.720066007,0.051031288,0.476429035,0.03980038,0.711183147,0.12052927,7.24040847
20220120_JLW-23.5-A1 - 6,JLW23.5,0.1548645,0.372784989,10.53373808,2.603887442,16.34544321,1.960032953,0.00899266,0.085570706,0.025402894,0.016550416,0.032134628,1.501462483
20220120_JLW-23.5-A1 - 7,JLW23.5,0.01715278,0.15771854,26.5572952,3.501300749,2.611737533,1.841028627,0.015176349,0.334578604,0.02197643,0.145946352,0.151111429,2.163774613
20220120_JLW-23.5-A1 - 8,JLW23.5,0.035554387,0.437012723,18.26977774,2.738417397,12.66895272,1.599312397,0.021336672,0.246153659,0.020354787,4.549558536,0.092603008,2.127316506
20220120_JLW-23.5-A1 - 9,JLW23.5,0.062895673,0.501516503,19.39880422,4.391262691,11.86854244,0.933978637,0.017382784,0.241831938,0.14781979,5.14204947,0.123085718,1.313192793
20220120_JLW-23.5-A1 - 10,JLW23.5,0.064512943,0.194951534,17.19835771,2.825701804,5.898869278,0.899684176,0.073289657,0.154513205,0.040659809,1.204531195,0.134944556,0.834261335
20220120_JLW-23.5-A1 - 12,JLW23.5,0.005730658,0.122260253,17.16715789,2.569192476,4.016643242,2.393603532,0.023611897,0.231184416,0.023650435,1.533672045,0.11347965,1.364438009
20220120_JLW-23.5-A1 - 14,JLW23.5,0.016923966,0.160586489,23.38438888,2.787813644,88.67562223,7.869302719,0.010368225,0.269377229,0.036378333,0.797464626,0.059192379,4.455932407
20220120_JLW-23.5-A1 - 15,JLW23.5,0.051325576,0.402481287,2.907493935,19.46264806,191.3187401,0.062510838,0.062725169,0.269385162,0.372228548,0.159393954,0.051366266,0.260098324
20220120_JLW-23.5-A1 - 16,JLW23.5,0.025401896,0.220330059,0.948792531,10.93186403,373.0338946,3.840159546,0.07073382,1.245909226,0.091178132,0.027875372,0.024323538,0.342459311
20220120_JLW-23.5-A1 - 17,JLW23.5,0.026176855,0.555352425,3.02073896,9.677034503,319.6605394,1.565844858,0.107724418,0.984921388,0.119982884,0.025376491,0.019264992,1.229865271
20220120_JLW-23.5-A1 - 18,JLW23.5,1.204460866,3.177544535,10.97378569,10.87056023,338.6938065,0.529176777,0.058500439,0.936392786,0.187196349,0.049707241,0.027704118,1.80982526
20220120_JLW-23.5-A1 - 19,JLW23.5,0.024717319,0.180957573,8.115967089,10.10553876,341.3111503,0.278677118,0.035414064,1.06156608,0.111931048,0.076003215,0.019847568,0.174802691
20220120_JLW-23.5-A2 - 2,JLW23.5,7.161326285,33.81293308,29.489682,2.549983397,130.4568043,0.674936524,0.254597124,1.147541798,0.016539623,0.665990565,0.11308657,3.847718107
20220120_JLW-23.5-A2 - 3,JLW23.5,2.492413002,11.52717706,13.86305081,7.140458656,103.1063322,0.467932658,0.103998365,0.93190902,0.107901781,0.468796061,0.043494273,2.34549074
20220120_JLW-15.1-A1 - 1,JLW15.1,0.03087824,0.101948305,10.59186734,5.088109839,181.7021487,25.80727564,0.019523033,1.533542678,0.057471976,0.091167138,0.117519619,1.345712311
20220120_JLW-15.1-A1 - 3,JLW15.1,0.026865591,0.282234821,19.4610417,2.998772232,299.0333116,3.000271345,0.01308428,1.148871893,0.013269303,0.133070077,0.229311486,2.11128359
20220120_JLW-15.1-A1 - 4,JLW15.1,0.073716264,1.56654943,63.01752231,2.834817049,1027.515615,26.878436,0.112383404,3.641645571,0.062285725,0.359238331,0.606003244,7.990269726
20220120_JLW-15.1-A1 - 5,JLW15.1,0.009578583,0.292790214,2.832551177,3.363565299,64.71390399,9.381883152,0.014184283,1.268971888,0.052150706,0.057065908,0.070002166,0.51793291
20220120_JLW-15.1-A1 - 6,JLW15.1,0.015785628,0.217848091,11.84005974,3.629627188,530.4663644,12.37130622,0.016024372,1.128386176,0.052326324,0.023342073,0.235157057,2.550283078
20220120_JLW-15.1-A1 - 7,JLW15.1,0.019994667,0.39087028,30.54686733,2.829398535,1409.163336,38.04031206,0.076086335,1.684350893,0.036798236,0.036303701,0.406019868,8.958333193
20220120_JLW-15.1-A1 - 8,JLW15.1,0.035135994,0.466075668,20.46727963,2.761858043,129.6211465,6.225100473,0.010808108,1.328330152,0.013507231,1.027726223,0.613706751,3.526521386
20220120_JLW-15.1-A1 - 9,JLW15.1,0.112776417,4.997195986,41.35302502,3.712903261,376.6613811,17.89009548,0.051523712,1.639503825,0.031101838,1.301180332,0.565421469,8.662477374
20220120_JLW-15.1-A1 - 10,JLW15.1,0.055324339,0.638711568,22.79758346,2.696936947,634.4704651,12.68356368,0.053221992,1.679299719,0.033438336,0.712016277,0.378506377,4.676746049
20220120_JLW-15.1-A1 - 11,JLW15.1,0.011876468,0.076759081,6.505594027,3.399388078,213.8061784,1.625944231,0.011750544,0.607765698,0.045154507,0.159895816,0.395788865,1.926245906
20220120_JLW-15.1-A1 - 12,JLW15.1,1.046395035,4.311252358,10.81415875,5.81006116,6971.672823,8.816008102,0.069984859,5.2159122,0.067215862,0.143028266,0.067133272,5.134670383
20220120_JLW-15.1-A1 - 14,JLW15.1,0.035072863,0.491089909,30.52782271,2.740467112,40.56563049,4.89381744,0.013583065,1.502785336,0.02824816,0.043506215,0.395026416,4.883448805
20220120_JLW-15.1-A2 - 1,JLW15.1,0.037939919,1.097862032,62.74701146,2.760885582,725.8830495,6.410248957,0.197221827,2.563489683,0.064569397,6.974931676,0.744870224,8.536990352
20220120_JLW-15.1-A2 - 2,JLW15.1,0.036922837,0.758073934,86.08132687,7.233202755,1006.144123,12.49488146,0.133819017,4.27785961,0.014287245,11.36619379,0.632902308,7.500559097
20220120_JLW-15.1-A2 - 3,JLW15.1,2.19221572,9.223165122,38.20848774,2.470317615,66.99785846,1.774385375,0.092486924,1.48242778,0.015643041,3.588496682,0.78332197,5.885748514
20220120_JLW-15.1-A2 - 4,JLW15.1,0.059442138,2.048832126,27.19825376,3.425280775,816.6257774,9.214509011,0.09415342,2.371560532,0.222721634,10.64929139,0.305569314,5.05356652
20220120_JLW-15.1-A2 - 5,JLW15.1,0.008524718,0.498767116,18.76940936,3.311946239,6.156304191,0.068953,0.034248834,0.745640332,0.023444909,4.862372935,0.73638049,0.747098685
20220120_JLW-15.1-A2 - 6,JLW15.1,0.007406202,0.379732021,36.90170841,2.680895758,972.033703,22.67162182,0.052360929,2.048308172,0.03525459,0.254009182,0.454136005,9.074665846
20220120_JLW-15.1-A2 - 7,JLW15.1,0.020822303,0.201087041,4.223328989,3.221239171,795.7414968,13.2214416,0.015098298,2.228429764,0.038537749,0.274605956,0.105409388,1.299793511
20220120_JLW-15.1-A2 - 8,JLW15.1,0.056728711,0.501628931,23.34770701,2.457922755,412.1738476,9.45543951,0.021715288,1.79781753,0.011912425,1.147862869,0.310613324,5.17448889
20220120_JLW-15.1-A2 - 9,JLW15.1,0.011041427,0.136300719,40.05663458,5.257612889,73.50756458,1.552044342,0.025530017,1.513099347,0.079420169,0.101574464,1.235641446,6.144379836
20220120_JLW-15.1-A2 - 10,JLW15.1,0.029259188,1.761641364,23.63921607,4.669118582,1814.745489,24.39290752,0.078163068,4.485229908,0.054997574,0.466385128,0.327314539,5.678545039
20220120_Hy31-A1 - 1,Hy31,3.707332398,12.83597554,0.1804358,2.732807378,0.3599844,0.003170852,0.008874357,0.043040288,0.019361191,0.012170555,0.007023594,0.009334792
20220120_Hy31-A1 - 2,Hy31,2.199826713,9.85629484,0.246074557,4.485221996,0.677760999,0.007488972,0.018360152,0.071669321,0.045764607,0.015601727,0.010306111,0.142714539
20220120_Hy31-A1 - 4,Hy31,2.564162881,13.48786366,2.791491326,7.99725201,4.575188248,0.017117545,0.040829735,0.131265365,0.412619452,0.034917653,0.021232093,6.470231502
20220120_Hy31-A1 - 5,Hy31,2.871432851,15.27019069,3.691428728,9.955369359,4.619663205,0.230257099,0.0386438,0.155507146,0.38504468,0.03430726,0.146010134,10.31303976
20220120_Hy31-A1 - 6,Hy31,2.140142945,8.901943633,1.991711887,6.740415831,2.130960781,0.412506843,0.020605366,0.114049425,0.081266508,0.020912042,0.04748794,8.451958832
20220120_Hy31-A1 - 8,Hy31,3.096953718,24.62372949,2.873184811,105.3693361,1.456510595,0.893328604,0.054572649,0.095468658,0.063153657,0.021318849,0.06803534,8.727301751
20220120_Hy31-A1 - 9,Hy31,1.546193481,14.05989291,4.371424646,7.895833804,3.395306093,1.208165112,0.025309368,0.128831018,0.287519457,0.024724578,0.129897375,17.33569388
20220120_Hy31-A1 - 10,Hy31,0.84530923,9.836731862,2.517536497,6.568499749,2.726623409,0.186251943,0.026330014,0.092529425,0.082900325,0.020174065,0.065379497,8.217807003
20220120_Hy31-A1 - 11,Hy31,2.387960568,13.13969938,8.16318574,6.978860366,3.480824926,0.379153114,0.03103451,0.112600215,0.295326603,0.017453476,0.08803973,8.835633549
20220120_Hy31-A2 - 1,Hy31,3.262443054,14.46695011,3.745806692,2.71390097,5.336306698,1.283956861,0.038202134,0.165823546,0.041035812,0.010923317,0.109178613,17.07011988
20220120_Hy31-A2 - 2,Hy31,2.874832897,14.33144411,4.538218264,6.720650902,5.341053459,0.248405556,0.060809885,0.104436039,0.212026438,0.02458579,0.07581394,10.36964649
20220120_Hy31-A2 - 3,Hy31,3.861551812,21.4339886,8.819475776,7.136038584,5.242122923,2.248993853,0.032695541,0.316756697,0.119531605,0.025988211,0.188576517,27.51720118
20220120_Hy31-A2 - 4,Hy31,5.549874211,19.36537148,5.720235505,5.83328942,12.22161463,0.535472608,0.016099319,0.19203263,0.04640128,0.02031059,0.234990894,14.05116521
20220120_Hy31-A2 - 5,Hy31,2.86286169,13.97270335,2.874657716,6.179772106,5.223114365,0.143143259,0.054172083,0.07850998,0.030570557,0.017770169,0.157069386,6.921876689
20220120_Hy31-A2 - 6,Hy31,2.848485764,14.28629879,5.158527218,6.202759648,6.941326578,2.375775197,0.026624085,0.222446927,0.07911084,0.019678192,0.125096646,22.50415253
20220120_Hy31-A2 - 7,Hy31,3.962816206,16.57678225,6.573553432,5.587361306,8.810137984,2.117668229,0.095351235,0.293338882,0.060392964,0.015391059,0.163153372,21.14234883
20220120_Hy31-A3 - 1,Hy31,0.482025224,3.709710512,0.052569298,2.793756615,0.896361253,0.007163873,0.014620748,0.043497289,0.044380093,0.009426364,0.008143726,0.028914311
20220120_Hy31-A3 - 2,Hy31,0.99657426,35.6033825,0.337715265,2.608589123,0.443608628,0.002138849,0.010368099,0.042327328,0.031599762,0.003616491,0.005971892,0.011105757
20220120_Hy31-A3 - 3,Hy31,0.756053061,17.47610843,0.440711727,2.542024285,0.612491248,0.002081057,0.009504358,0.04184385,0.012912418,0.005956134,0.006830537,0.098419238
20220120_Hy31-A3 - 4,Hy31,1.007451517,6.142025781,0.930427668,6.103558182,0.800845197,0.015093388,0.026093764,0.101270471,0.093702175,0.010003496,0.015386741,1.970243877
20220120_Hy31-A3 - 5,Hy31,4.543318724,27.96913124,0.986619179,6.658684571,3.094598458,0.009986157,0.034832985,0.099107256,0.062045409,0.003294844,0.027089705,2.76404702
20220120_Hy31-A3 - 6,Hy31,1.405507476,26.77488178,0.378277621,9.022278906,0.307442921,0.01247513,0.049303079,0.142765043,0.077573581,0.004118415,0.018817963,2.011274854
20220120_Hy31-A3 - 7,Hy31,3.202156395,22.66603068,3.464130185,11.01570764,0.362516951,0.053809466,0.046339128,0.169892754,0.095439805,0.413136207,0.025037085,4.131168401
20220120_Hy31-A3 - 8,Hy31,0.965158455,17.65790774,0.399825327,7.335635109,1.134348201,0.017059732,0.008384772,0.113613748,0.106222772,0.005637132,0.018765045,1.777277129
20220120_Hy31-A3 - 10,Hy31,0.512445933,14.24733971,1.928614242,6.116697277,1.320530066,0.005960526,0.014160127,0.095631596,0.037169253,0.001971628,0.034732834,4.15736605
20220120_Hy31-A3 - 11,Hy31,1.812071274,17.16186284,3.442048713,6.051758264,1.719817114,0.013059634,0.021269247,0.096312562,0.079511251,0.019643796,0.014144258,4.831598642
20220120_Hy31-A3 - 12,Hy31,5.816504896,28.95329964,4.694210586,5.934280935,9.42087637,0.619145319,0.052316978,0.185433724,0.233030526,0.013553101,0.1186697,13.54030584
20220120_Hy31-A3 - 13,Hy31,5.185685652,27.88097274,4.833557766,5.494400854,7.734496682,0.360779676,0.025074703,0.266376704,0.07172865,0.003802374,0.165055176,14.1398044
20220120_Hy31-A3 - 14,Hy31,6.903557419,29.61731099,2.11929582,10.07429474,7.918033824,0.146050478,0.010137911,0.161866021,0.128853614,0.032387705,0.066254315,4.756289464
20220120_Hy59-A1 - 1,Hy59,180.9906863,458.0035629,431.7122191,31.00500601,188.1388281,30.50618943,2.775782169,23.67613161,2.727797125,0.033109571,7.777843194,427.844731
20220120_Hy59-A1 - 2,Hy59,140.3992902,401.2591677,401.9842709,37.68333435,144.7472975,26.54716151,2.434801444,20.95652632,2.717139597,0.043967074,7.278595195,381.5578837
20220120_Hy59-A1 - 3,Hy59,198.9086502,468.7462468,419.6505771,40.20016319,159.7236789,24.20406543,2.456334101,22.04479883,2.105695626,0.04132705,7.808907485,399.4115226
20220120_Hy59-A1 - 4,Hy59,188.4533306,485.524782,425.4860571,49.71770245,182.7925989,35.85519578,2.686877721,24.17675712,3.144779889,0.052981568,8.169337037,447.1970322
20220120_Hy59-A2 - 1,Hy59,313.7777217,406.7627944,139.3091414,57.33571364,106.9495173,29.43397417,1.215716074,14.43474435,1.004569588,0.09925184,2.9531519,213.5027024
20220120_Hy59-A3 - 1,Hy59,106.8459857,366.617655,368.5053437,43.72134324,145.063975,35.30969789,2.041211222,14.71295703,1.852105224,0.039279723,7.341577439,282.9826271
20220120_Hy59-A3 - 2,Hy59,151.9065337,487.504554,397.9723104,49.48293272,189.2599822,41.66311734,2.438828538,20.41673121,2.449561045,0.0289458,8.373425993,378.0308065
20220120_Hy59-A4 - 1,Hy59,87.24247546,270.9418218,342.0299576,41.0956592,94.88364292,26.64909034,0.914301041,7.16017861,1.068417013,0.011316505,4.617334688,137.0968952
20220120_Hy59-A4 - 2,Hy59,48.21734891,137.0884574,136.5811279,33.89839237,67.09179482,18.41026302,0.841438478,6.094080081,1.421369775,0.007274291,1.84102231,114.8432708
20220120_Hy59-A5 - 1,Hy59,88.88976368,220.4597968,200.4257559,15.69930344,96.41733758,35.885123,0.81477621,9.206421473,0.810694464,0.017761277,2.416238053,138.6613618
20220120_Hy59-A5 - 2,Hy59,66.37280392,193.2895968,145.3668555,16.3754872,93.16592231,37.68828959,0.854517851,9.089217325,0.947317179,0.012174271,1.799558579,142.3107054
20220120_Hy59-A5 - 3,Hy59,61.74386406,182.9287891,133.7894605,10.75628181,97.51142699,35.28873386,0.766795744,9.315368489,0.848898649,0.010154195,1.918634206,136.9018631
20220120_Hy59-A5 - 4,Hy59,64.56047849,187.9978114,142.2603185,17.10463234,96.30891545,38.00753557,0.751818588,9.430030668,0.771597994,0.006016302,1.844814637,143.9932365
20220120_Hy59-A5 - 5,Hy59,58.67513098,175.9974474,129.3390481,11.06930985,87.83076052,35.74542532,0.787500446,8.643248277,0.881353199,0.008649625,1.599495502,136.2609425
20220120_Hy59-A5 - 6,Hy59,91.4895292,216.5541652,205.1044713,17.37029382,93.20798131,33.57930306,0.724013018,8.637665682,0.692340521,0.016583011,2.515824917,140.8788981
20220120_Hy59-A5 - 7,Hy59,74.92119019,197.8486247,184.6004922,12.43464422,95.07096759,32.78217065,0.756073226,8.611234542,0.943042337,0.013706008,2.627270366,139.6176456
20220120_Hy59-A6 - 1,Hy59,103.3279344,254.0213309,221.8146915,12.75281633,117.5067073,32.76350541,1.193915202,12.81521891,1.467581578,0.023733057,2.946576556,207.3303705
20220120_Hy59-A6 - 2,Hy59,152.2950869,308.2517177,288.6003253,13.96888821,129.0999865,22.38214145,1.452710491,16.64301527,1.665668199,0.023343073,4.398928993,275.1704214
20220120_Hy59-A6 - 3,Hy59,117.9795191,268.2275964,225.8922752,15.08027184,117.9158055,28.79317088,1.380923924,13.46054003,1.690885759,0.016549797,2.902434419,226.171612
20220120_Hy59-A6 - 4,Hy59,142.6020025,315.7688343,293.5962207,14.46899036,132.1745662,25.1383802,1.468692241,16.1799411,2.110674642,0.01850751,4.687041044,271.7184937
20220120_Hy59-A6 - 5,Hy59,95.97319523,245.8622962,200.8682417,15.2265888,111.5114628,36.49848416,1.154833255,12.04646436,1.118440741,0.020988587,2.519139024,194.2875359
20220120_Hy59-A6 - 6,Hy59,128.8314291,302.3185507,257.8258312,17.41803891,134.9974218,30.62435292,1.477570472,15.20592179,2.107528322,0.02149948,3.772313695,250.4041669
20220120_Hy55-A1 - 1,Hy55,303.1872182,231.531529,715.5256938,98.52600699,253.4124307,1.641482505,0.559867555,92.90927326,1.969099387,0.045093673,4.664804527,109.7292405
20220120_Hy55-A1 - 2,Hy55,433.3208575,276.0968052,808.3929889,60.92740408,315.1912319,9.818225947,0.708438482,101.7219223,1.809299939,0.013202838,5.450821131,154.8830507
20220120_Hy55-A1 - 3,Hy55,498.3026219,328.1796483,929.6788591,52.30135536,375.8707818,29.1865978,0.891334322,136.2465617,2.07238224,0.049309651,8.058080415,221.6378593
20220120_Hy55-A1 - 4,Hy55,286.9531551,254.9046716,822.0888968,105.7981373,291.9063306,4.949912513,0.688951081,102.0322109,0.909116251,0.026524092,5.361348164,129.9965575
20220120_Hy55-A1 - 5,Hy55,275.293306,235.2766558,770.4995624,82.75973659,270.5572734,3.324391192,0.538598973,78.51877829,0.697889098,0.020716274,4.288228793,112.0182657
20220120_Hy55-A1 - 7,Hy55,334.9676068,276.4014784,865.3654993,77.61253446,339.7848565,8.021901276,0.891676898,106.1355011,1.847137875,0.029109394,8.121950924,174.2481029
20220120_Hy55-A1 - 8,Hy55,475.6619254,325.462156,857.0373172,67.528678,346.7741181,5.160494843,1.029147627,176.7759431,1.494758598,0.008685725,8.810404821,201.2249544
20220120_Hy55-A2 - 1,Hy55,201.2524323,218.2909995,688.2470517,50.82102477,194.7215832,2.715114097,1.064380291,57.95177716,0.928312617,0.027608031,2.464618649,179.9441134
20220120_Hy55-A2 - 2,Hy55,228.1439042,232.3355614,720.8939315,51.12877207,216.8221904,1.439180044,1.312098506,69.96983886,1.147334397,0.026525807,3.420536575,227.9451308
20220120_Hy55-A2 - 3,Hy55,247.9494735,230.2692207,704.5321385,59.83505363,225.6871025,6.560803858,1.238162156,80.5738765,1.58947754,0.029882096,3.470071334,192.6491353
20220120_Hy55-A2 - 4,Hy55,207.4019817,211.0112644,648.1031329,58.93774809,198.2698211,6.187239113,0.967756748,62.84015332,1.219798231,0.024137628,2.578688224,162.372362
20220120_Hy55-A2 - 5,Hy55,203.8468609,204.9866929,692.0267746,58.19692818,171.1340743,3.583271888,0.793156657,44.69234444,0.470404465,0.011248002,1.925573369,131.1854908
20220120_Hy55-A2 - 6,Hy55,398.5119538,271.6209431,757.1079953,81.36578349,264.8659537,4.610735333,0.850493132,89.38739947,1.70083647,0.019571075,4.601165992,174.9928056
20220120_Hy55-A2 - 7,Hy55,290.8638385,223.6841042,722.7992949,62.42181425,196.6243383,1.994316493,0.945618273,61.57873841,1.153441272,0.021060956,2.611597706,159.6141633
20220120_Hy55-A2 - 8,Hy55,216.6868279,228.6018826,678.8194397,41.58000047,152.3346144,2.094973388,1.048667415,42.45119851,1.659696158,0.01867925,1.941054322,152.6129514
20220120_Hy55-A3 - 1,Hy55,331.9305147,247.8560184,769.1377617,60.94078605,223.1212236,2.013458805,0.620149188,64.57508568,1.025399927,0.051018344,8.471226861,162.8450522
20220120_Hy55-A3 - 2,Hy55,320.6108524,258.8765874,743.7298891,59.0979007,258.637227,4.279963713,1.29756911,100.5788222,1.132748607,0.047065425,4.023072299,233.7743645
20220120_Hy55-A3 - 3,Hy55,292.1241726,206.5716433,650.5319233,90.67504862,261.7419777,6.135063544,0.692080268,85.27695827,1.130402473,0.04959479,5.931312547,138.2082656
20220120_Hy55-A3 - 4,Hy55,372.1719635,248.0316896,676.8346006,76.93522828,277.9807893,6.880064612,0.584049672,91.10584827,1.426581744,0.002984187,5.39584489,149.6154422
20220120_Hy55-A3 - 6,Hy55,222.4174932,206.0036796,603.7804551,55.4209932,171.2784405,1.117526765,1.789649314,52.06581963,1.109461662,0.060320324,2.380466914,188.8071785
20220120_Hy55-A3 - 7,Hy55,202.8826516,197.3755626,606.1690025,48.22532774,183.4540123,3.787037804,1.411497284,71.33323267,1.683808345,0.05834123,2.874692919,198.9040192
20220120_Hy55-A3 - 8,Hy55,204.8585759,190.458761,597.8135996,52.89338405,165.1667111,3.984716712,1.793635317,70.72633296,1.250856075,0.06346128,2.763457958,183.2889367
20220120_Hy55-A3 - 9,Hy55,185.9543553,195.1552195,593.7117913,43.76577705,172.5509229,2.261469268,1.486365844,66.93592758,0.596008919,0.01324842,2.331662607,195.5819116
20220120_Hy55-A3 - 10,Hy55,157.8912516,204.8574797,545.758933,22.30570144,181.2142481,0.713518684,1.571479554,44.92499375,1.174629682,0.027558295,1.925825151,145.5809722
20220120_JLW76-A1 - 1,JLW76,0.023374036,29.43518016,240.6682544,5.878801068,3635.721218,22.95642945,0.29923201,14.26490115,0.104988697,0.214383601,0.055082718,73.90660737
20220120_JLW76-A1 - 2,JLW76,1.243883136,3.141122058,4.563752539,5.1796089,4.556634736,0.055965585,0.036050007,0.310193679,0.143570818,0.050922576,0.020113963,0.106424586
20220120_JLW76-A1 - 3,JLW76,5.45737862,12.02979981,14.03896588,6.271292242,26.31215612,0.028606736,0.041829752,1.916047722,0.18414334,0.040619679,0.069348036,0.498584446
20220120_JLW76-A1 - 4,JLW76,0.1872648,9.957677175,27.52240953,4.783597669,952.943897,0.890760559,0.221573052,0.792229604,0.091305384,0.071366833,0.015358161,12.24832518
20220120_JLW76-A1 - 6,JLW76,4.177053885,11.64076351,13.87663961,6.711656044,27.18309648,0.270073973,0.18256489,0.367193591,0.213145071,0.03110632,0.022455232,1.401269892
20220120_JLW76-A1 - 7,JLW76,2.411926245,5.858450567,7.877810909,4.122264274,12.64515971,0.056155954,0.029063234,0.843425639,0.060954211,0.017202732,0.03549684,0.066107346
20220120_JLW76-A1 - 8,JLW76,8.588476498,18.30157065,9.062648676,4.936747461,56.21829851,0.196106256,0.027146986,0.807282285,0.112357101,0.95402629,0.017827934,1.314829239
20220120_JLW76-A1 - 9,JLW76,22.83081711,45.98397596,42.6082041,4.646715372,301.5199501,1.251412604,0.076247125,1.338619012,0.091967894,0.048080758,0.056566982,7.202572488
20220120_JLW76-A2 - 2,JLW76,45.15003042,227.5858973,158.9436829,3.23144156,14089.59171,43.92659367,0.52406953,11.0351211,0.078217403,0.013394335,0.076003958,46.82429803
20220120_JLW76-A2 - 3,JLW76,26.3492049,64.63827084,85.95810017,2.083693366,302.7776242,1.696960435,0.41340966,5.583110149,0.034576936,0.309239521,0.133925582,13.77083216
20220120_JLW76-A2 - 4,JLW76,13.30667872,31.38210971,31.31766505,6.448825147,94.50087878,0.834490738,0.122116822,1.300073084,0.028384683,0.144653684,0.026825466,5.01700145
20220120_JLW76-A2 - 5,JLW76,6.24269754,14.12389276,13.60919756,3.02869382,107.1466873,0.397451487,0.028823048,0.438504821,0.126154252,0.853322088,0.032282684,1.955001573
20220120_JLW76-A2 - 6,JLW76,0.392403311,0.700054782,0.827265995,1.735555431,0.798244173,0.019379781,0.010689589,0.098379091,0.026475705,0.018822204,0.00498963,0.040257874
20220120_JLW76-A2 - 7,JLW76,10.76752904,18.00057673,13.7155074,7.06520422,103.5582899,1.016743499,0.013090224,1.183241577,0.163814142,0.035227058,0.052078344,2.610434181
20220120_JLW76-A2 - 8,JLW76,10.8953643,23.99409243,24.87490824,5.741338647,290.5971202,0.921625505,0.084162526,0.63294148,0.061505522,0.011967773,0.047222848,2.045555068
20220120_JLW76-A2 - 9,JLW76,5.362155253,23.48285468,73.31129566,6.869319393,35.59948556,0.404144736,0.099277728,1.315408528,0.062481448,0.033755443,0.061121963,2.916368101
20220120_JLW76-A3 - 2,JLW76,0.166908553,0.400305404,0.654914028,4.511747124,0.247039147,0.013966751,0.00721347,0.090061419,0.090280528,0.527113268,0.014911462,0.027030729
20220120_JLW76-A3 - 3,JLW76,1.756272017,3.704985547,4.273375475,6.221175706,2.567824363,0.046771143,0.104847866,0.344157578,0.158032656,0.04025226,0.01882073,0.469438751
20220120_JLW76-A3 - 4,JLW76,7.468031164,19.22674871,55.57515008,4.500474698,318.9053054,1.265407226,0.128311696,1.008778831,0.09430152,0.887039981,0.079379306,12.99001062
20220120_JLW76-A3 - 5,JLW76,2.27639665,4.589823692,3.461152401,6.644802657,7.383893177,0.23547063,0.02124916,0.366537191,0.265961915,1.516635503,0.040305699,0.221555382
20220120_SX88.15 - 1,SX88.15,0.248478974,1.053268835,14.71943162,3.008993053,538.7276558,5.707653676,0.303871769,3.383233963,0.068431086,0.312730579,0.070689969,13.46899027
20220120_SX88.15 - 2,SX88.15,0.040852061,0.348559639,12.37653088,4.708547599,354.9214612,10.82898612,0.357000937,4.128883324,0.013148585,0.79760501,0.159172604,11.69311208
20220120_SX88.15 - 3,SX88.15,0.035888368,0.09316055,6.430943041,2.056750283,1671.896505,40.12357459,0.324018343,6.423664453,0.044056908,0.032772098,0.213835063,7.994059004
20220120_SX88.15 - 4,SX88.15,0.047205659,0.176354859,0.261882598,3.685085002,395.9348508,30.50481377,0.222404863,5.676916839,0.02278692,0.235391612,0.262004117,0.290588228
20220120_SX88.15 - 5,SX88.15,0.125969462,0.157073502,10.20450573,3.362338843,183.4282436,2.067078683,0.238972747,2.302915951,0.099807296,0.194816539,0.037186263,8.354776265
20220120_SX88.15 - 6,SX88.15,0.018268628,0.073076642,24.86428004,1.842812456,221.568384,6.015550367,0.330993764,3.713547647,0.021602252,0.626588697,0.08724054,16.89900533
20220120_SX88.15 - 7,SX88.15,0.070021202,0.297383249,25.94518995,1.889215186,347.7296708,7.717615347,0.250830631,3.008856707,0.030729473,0.077488865,0.085498218,13.1724321
20220120_SX88.15 - 8,SX88.15,0.101380787,0.227506652,4.433916009,1.804878477,1254.703678,18.06258179,0.300344545,5.257092787,0.027530157,0.018379474,0.092779858,8.211448694
20220120_SX88.15 - 9,SX88.15,0.070070909,0.217312829,97.42655444,6.704522843,1143.008948,24.81431353,0.039650261,4.933376689,0.096659899,0.037397676,0.46239054,0.340502404
20220120_SX88.15 - 10,SX88.15,0.046421527,0.403055974,71.50326607,10.64426117,961.1575352,23.07968936,0.033806665,4.86856538,0.018883111,0.050083567,0.574230435,0.169391262
20220120_SX88.15 - 11,SX88.15,1.348990626,10.65016705,23.71794921,11.56563078,4132.802372,51.42106883,0.14115096,5.313817283,0.215305456,0.016886017,0.170643278,5.701124116
20220120_SX88.15 - 12,SX88.15,0.021000216,0.194524974,11.9994711,5.352284582,124.326009,17.44028015,0.506120558,3.956469248,0.086331951,0.026827676,0.302845274,0.193332274
20220120_SX88.15 - 13,SX88.15,0.095191579,0.30822278,2.640749127,2.178606464,220.1185858,13.16157633,0.226799396,3.660430054,0.157662626,0.040808586,0.162062167,1.688793249
20220120_SX88.15 - 14,SX88.15,0.068830619,0.264790318,23.25010736,4.3432774,744.1458713,9.484690767,0.20035209,3.269839979,0.021472863,1.815340836,0.05019799,12.14314842
20220120_SX88.15 - 15,SX88.15,0.049551067,0.25589791,4.862420595,4.723052018,3683.717734,37.87876033,0.309521194,9.560478241,0.037188867,0.162265042,0.186590839,11.35416263
20220120_SX88.15 - 16,SX88.15,0.088924161,0.312441471,4.509003111,2.002875909,556.8070186,9.858049735,0.297506585,4.7375863,0.028998098,0.057503286,0.136936185,9.093014251
20220120_SX88.15 - 17,SX88.15,0.187026304,0.379053723,0.657060826,2.886298965,310.2655754,9.469477054,0.30312666,5.686645674,0.090396906,0.777720842,0.116453817,6.067677997
20220120_SX88.15 - 18,SX88.15,0.024384979,0.244739813,0.158635578,5.554022408,473.6424954,17.70797918,0.044546597,4.011602618,0.166249662,0.00875658,0.166420751,0.530216416
20220120_SX88.15 - 19,SX88.15,0.013524291,0.248036793,1.07248054,2.766927782,1737.766955,52.93486204,0.147383856,10.65967174,0.058808757,0.02291589,0.477767138,2.322616211
20220120_SX88.15 - 20,SX88.15,0.035377874,0.214096237,0.492837481,5.917625588,573.2221234,55.68015501,0.064072297,8.086415391,0.056089958,0.020977223,0.330243088,0.089475485
20220120_SX88.15 - 21,SX88.15,0.200090169,0.376360547,3.41325303,4.095526562,838.1869769,10.43141143,0.018398256,3.499961954,0.06693831,0.202551659,0.200209242,0.402051816
20220120_SX88.15 - 22,SX88.15,0.086003665,0.374389859,11.06026792,4.521633619,1868.872809,54.35513973,0.06946544,7.85273677,0.063603062,0.368544045,0.408412048,0.607509327
20220120_SX88.15 - 23,SX88.15,0.164157346,0.940343744,24.0390744,17.92149065,4382.701936,86.18981628,0.344127145,14.64296442,0.071803676,0.060421978,0.603729239,2.760404581
20220120_SX88.15 - 24,SX88.15,0.068047714,0.39420952,1.763664419,3.093549232,681.6253823,23.98750062,0.236804287,4.490391396,0.092827024,0.033487047,0.17867433,5.411642734
20220120_SX88.15 - 25,SX88.15,0.030410075,0.31038064,0.337053283,3.014550598,121.3644436,2.72971028,0.207337696,2.335034217,0.061699144,0.015077651,0.043601472,3.013404457
20220120_SX88.15 - 26,SX88.15,1.931904142,13.02604486,16.23531794,7.972008771,13297.00182,70.32839419,0.315848756,11.67141375,0.454786483,10.5567665,0.150989404,21.85138797
20220120_SX88.15 - 27,SX88.15,0.069903619,0.219360565,60.91127069,12.63830338,1612.094185,61.48962328,0.188549942,10.73421397,0.068586349,0.059658084,0.348542561,0.363966229
20220120_JLW34.8 - 1,JLW34.8,0.190058767,4.949669248,142.732379,224.0706068,538.2811968,8.654841194,0.714561195,7.86897067,0.136907167,0.879020361,0.120109947,21.66735588
20220120_JLW34.8 - 2,JLW34.8,0.064139946,2.133909792,133.1417407,151.9293588,724.1140647,9.332218566,0.377070793,7.963592716,0.274112528,0.799176061,0.077352473,19.26266381
20220120_JLW34.8 - 4,JLW34.8,0.030160512,0.755006334,239.4861652,62.38416423,2322.72508,3.643540676,0.482903919,13.23560054,0.142803469,0.549263493,0.070935637,16.25664307
20220120_JLW34.8 - 5,JLW34.8,0.712034405,13.14218998,259.1453757,400.5753586,1995.613063,9.21637073,0.444011375,6.926358153,0.202605052,0.182041707,0.057399685,20.68094851
20220120_JLW34.8 - 6,JLW34.8,0.116473665,27.55335467,74.91779031,843.01772,3258.179988,14.38583336,2.947174838,11.11363273,0.117202938,0.476060139,0.100336016,12.96936538
20220120_Hy1-A1 - 1,Hy1_Flo,401.4614691,647.4743109,480.0416964,115.312158,69.77522492,5.280982108,0.754847615,8.612447011,2.793630492,0.285728909,0.272341852,252.6185295
20220120_Hy1-A1 - 2,Hy1_Flo,359.2395943,997.6013563,444.8454511,102.0450849,61.1647464,7.045904781,0.713027009,6.602159277,2.373533341,0.636794202,0.403940463,193.4942284
20220120_Hy1-A1 - 3,Hy1_Flo,493.216746,799.787845,389.1012467,121.0315417,85.87027032,7.247397343,0.572375156,9.701981621,1.877452283,0.445188655,0.438471226,218.0002297
20220120_Hy1-A1 - 4,Hy1_Flo,395.0851655,717.888019,396.1443267,274.4536017,67.25830717,4.850141479,0.486874577,8.583710291,2.328436519,0.068142679,0.219925194,210.2189128
20220120_Hy1-A1 - 5,Hy1_Flo,359.232008,943.7612422,477.1588445,95.31870395,74.0731631,5.838688156,0.994960391,8.264131005,3.292083615,0.263791506,0.111415355,229.7218595
20220120_Hy1-A2 - 2,Hy1_Coro,1343.598194,1511.840481,1668.19071,2776.004086,236.5166818,3.79148225,2.272276639,28.072834,12.72371323,4.924191385,0.531353967,1076.892446
20220120_Hy1-A3 - 1,Hy1_Coro,997.7195332,1360.29025,1054.844162,160.0919694,249.9684644,5.493086839,2.305441633,23.47214505,12.81554591,0.729119645,0.615274206,899.924455
20220120_Hy1-A4 - 1,Hy1_Coro,1200.072568,1271.86245,1044.002863,1222.158837,238.5739488,4.795393026,2.125835341,25.04159237,10.96707965,0.316341513,0.898484525,1012.857853
20220120_Hy1-A5 - 1,Hy1_Coro,1275.506518,669.1299725,562.3185439,146.8954535,230.3579841,14.8720798,1.311787572,38.74700042,20.10571873,0.929467188,0.791406869,934.2237467